Fri Jul 15 20:32:34 2005                       Gordon Rowell (gordonr)

Mezzanine auto-imported e-smith-samba from e-smith-samba-1.13.0-19.src.rpm.
----------------------------------------------------------------------
Fri Jul 15 20:51:00 2005                       Gordon Rowell (gordonr)

Default smb{UnixCharSet} to UTF8, but keep existing systems at ISO8859-1
----------------------------------------------------------------------
Sat Jul 16 11:54:44 2005                           Shad Lords (slords)

Update temaplte

----------------------------------------------------------------------
Sun Jul 17 22:50:47 2005                           Shad Lords (slords)

Update for db move

----------------------------------------------------------------------
Mon Jul 18 22:39:16 2005                           Shad Lords (slords)

Sync with Mitel

----------------------------------------------------------------------
Mon Jul 18 22:41:51 2005                           Shad Lords (slords)

Fix missing comma

----------------------------------------------------------------------
Tue Jul 19 23:12:51 2005                           Shad Lords (slords)

Sync with Mitel

----------------------------------------------------------------------
Thu Jul 28 13:07:45 2005                           Shad Lords (slords)

- Add TCPPorts/UDPPorts and access to smbd/nmbd [SF: 1246986]


----------------------------------------------------------------------
Tue Aug  2 19:34:14 2005                           Shad Lords (slords)

Sync with mitel

----------------------------------------------------------------------
Wed Aug 10 14:10:16 2005                           Shad Lords (slords)

Sync with mitel

----------------------------------------------------------------------
Sat Nov 19 07:57:03 2005                       Gordon Rowell (gordonr)

Sync with Mitel
----------------------------------------------------------------------
Sat Nov 19 07:59:57 2005                       Gordon Rowell (gordonr)

Fix typo
----------------------------------------------------------------------
Sat Nov 19 08:07:10 2005                       Gordon Rowell (gordonr)

And escape the dollar symbol
----------------------------------------------------------------------
Sat Nov 19 08:07:46 2005                       Gordon Rowell (gordonr)

Bump release
----------------------------------------------------------------------
Sat Nov 19 08:08:26 2005                       Gordon Rowell (gordonr)

Bump version
----------------------------------------------------------------------
Wed Nov 30 15:17:15 2005                       Gordon Rowell (gordonr)

Auto-commit
----------------------------------------------------------------------
Mon Dec  5 23:13:51 2005                  Filippo Carletti (fcarletti)

Auto-commit
----------------------------------------------------------------------
Wed Dec 14 15:09:18 2005                       Gordon Rowell (gordonr)

Auto-commit
----------------------------------------------------------------------
Tue Jan 24 13:33:15 2006                       Gordon Rowell (gordonr)

Auto-commit
----------------------------------------------------------------------
Wed Jan 25 16:35:18 2006                       Gordon Rowell (gordonr)

Auto-commit
----------------------------------------------------------------------
Wed Jan 25 16:38:59 2006                       Gordon Rowell (gordonr)

Auto-commit
----------------------------------------------------------------------
Sat Feb  4 03:44:03 2006                       Gordon Rowell (gordonr)

Auto-commit
----------------------------------------------------------------------
Fri Feb 17 08:42:49 2006                        Gavin Weight (gweight)

See changelog
----------------------------------------------------------------------
Sat Feb 18 09:01:24 2006                        Gavin Weight (gweight)

See changelog
----------------------------------------------------------------------
Tue Feb 21 18:52:51 2006                       Gordon Rowell (gordonr)

See changelog
----------------------------------------------------------------------
Thu Feb 23 11:27:47 2006                        Charlie Brady (bradyc)

See changelog
----------------------------------------------------------------------
Wed Mar  1 16:01:09 2006                       Gordon Rowell (gordonr)

See changelog
----------------------------------------------------------------------
Thu Mar 16 18:06:57 2006                       Gordon Rowell (gordonr)

Roll stable - see changelog
----------------------------------------------------------------------
Mon Apr 10 18:57:11 2006                       Gordon Rowell (gordonr)

See changelog
----------------------------------------------------------------------
Tue Apr 18 16:58:38 2006                        Charlie Brady (bradyc)

See changelog
----------------------------------------------------------------------
Wed Apr 19 20:25:25 2006                        Gavin Weight (gweight)

See changelog
----------------------------------------------------------------------
